num=500,forest-01,denseresidential-55,intersection-07,denseresidential-53,buildings-94,buildings-20,denseresidential-07,denseresidential-19,river-37,denseresidential-62,
river-44,0.324005,0.245605,0.235092,0.252670,0.328949,0.244019,0.244003,0.258972,0.197952,0.223419,
forest-32,0.511734,0.436478,0.241272,0.539780,0.267654,0.287537,0.277847,0.354416,0.449081,0.280869,
forest-52,0.151215,0.251602,0.172989,0.245911,0.288651,0.175491,0.171326,0.236328,0.164673,0.214844,
forest-94,0.285721,0.293289,0.258972,0.292206,0.396240,0.246979,0.278290,0.291779,0.278717,0.272308,
intersection-09,0.306427,0.237717,0.186295,0.252426,0.258926,0.180771,0.189590,0.221848,0.227310,0.212952,
intersection-78,0.221786,0.202011,0.134399,0.213394,0.209808,0.138809,0.141144,0.182480,0.164505,0.181610,
denseresidential-55,0.807846,0.332962,0.448044,0.347717,0.464386,0.473434,0.492691,0.413696,0.447495,0.347794,
forest-41,0.201874,0.316727,0.227081,0.337128,0.352280,0.233414,0.226669,0.270325,0.225723,0.300278,
river-02,0.783722,0.367279,0.389450,0.376953,0.335449,0.530182,0.463196,0.457092,0.598572,0.331818,
forest-78,0.329025,0.304199,0.278717,0.300705,0.416397,0.265030,0.302460,0.315628,0.293411,0.283966,
buildings-21,0.465302,0.253845,0.193161,0.263458,0.248962,0.169342,0.181686,0.212784,0.252396,0.222900,
buildings-70,1.217300,0.502686,0.775757,0.385178,0.305023,1.086670,0.840210,0.572021,0.958557,0.671295,
intersection-43,0.718414,0.315552,0.325974,0.318558,0.330032,0.346252,0.342194,0.317612,0.310898,0.303177,
intersection-44,0.443604,0.229385,0.201126,0.236588,0.247299,0.212036,0.210739,0.210693,0.207642,0.212311,
river-10,0.391434,0.246277,0.220963,0.256821,0.274200,0.291275,0.278809,0.290115,0.333801,0.214890,
intersection-62,0.923065,0.279480,0.410843,0.283691,0.362640,0.437744,0.429138,0.349670,0.428528,0.299118,
forest-09,0.901505,0.371643,0.454910,0.368774,0.344513,0.700928,0.558350,0.505768,0.710007,0.350174,
denseresidential-52,0.603104,0.273804,0.340302,0.268692,0.386368,0.342606,0.353821,0.303757,0.292938,0.267899,
forest-15,0.550201,0.330093,0.332016,0.353241,0.344666,0.459946,0.429916,0.440125,0.523743,0.307098,
river-58,0.334976,0.314423,0.286255,0.332199,0.395096,0.273499,0.297134,0.310455,0.332291,0.307205,
buildings-28,1.001556,0.414444,0.556351,0.414597,0.285919,0.483444,0.423050,0.402298,0.757172,0.459839,
denseresidential-06,0.585007,0.362946,0.208496,0.408569,0.245911,0.188873,0.181091,0.252731,0.375092,0.289200,
intersection-72,0.829346,0.438568,0.384857,0.489868,0.321960,0.450790,0.412827,0.427063,0.557785,0.356201,
intersection-58,1.287201,0.404541,0.348541,0.415085,0.194504,0.627686,0.404602,0.381271,0.636978,0.294312,
intersection-59,0.641525,0.274811,0.245789,0.276932,0.286819,0.225616,0.239059,0.247971,0.268692,0.249329,
river-93,0.207993,0.214569,0.163788,0.228027,0.274048,0.168671,0.177444,0.224213,0.169235,0.194809,
forest-47,0.165192,0.269684,0.193512,0.259293,0.316132,0.193069,0.188278,0.254089,0.179062,0.226669,
intersection-41,1.002686,0.379303,0.408447,0.388412,0.344666,0.413940,0.398331,0.358582,0.413101,0.368118,
forest-23,0.542862,0.297028,0.313873,0.306610,0.365173,0.368439,0.396164,0.400177,0.440353,0.290039,
buildings-32,1.112183,0.324554,0.459885,0.328629,0.332687,0.454041,0.439041,0.341003,0.407501,0.374771,
buildings-55,1.395752,0.342392,0.571274,0.344543,0.354187,0.597031,0.604767,0.447845,0.661011,0.385284,
river-86,0.173004,0.269516,0.167831,0.300507,0.260010,0.172852,0.172714,0.220398,0.234222,0.257629,
forest-16,0.663742,0.270599,0.294952,0.265564,0.290222,0.313156,0.313690,0.315384,0.386673,0.246994,
river-35,0.304718,0.248138,0.230927,0.256897,0.324341,0.245438,0.244492,0.258621,0.200577,0.226593,
forest-76,0.225006,0.256638,0.214340,0.262894,0.345016,0.213654,0.223434,0.256470,0.213028,0.237656,
buildings-86,1.223297,0.332474,0.479462,0.324677,0.265472,0.832474,0.635376,0.523697,0.939407,0.301025,
forest-66,0.284210,0.242630,0.201691,0.261856,0.299438,0.214386,0.218704,0.241592,0.205688,0.222275,
buildings-16,0.586746,0.325134,0.238907,0.338989,0.247665,0.198074,0.201004,0.237503,0.344894,0.283051,
buildings-11,0.401154,0.217422,0.183243,0.217819,0.247635,0.159073,0.172134,0.193741,0.208786,0.187927,
denseresidential-07,0.470306,0.315475,0.191498,0.338715,0.245331,0.174347,0.165451,0.223892,0.302933,0.265518,
forest-04,0.203232,0.264359,0.209030,0.281982,0.301132,0.200256,0.211685,0.245514,0.282822,0.236511,
denseresidential-26,0.972931,0.398941,0.421936,0.402191,0.345291,0.402420,0.387817,0.368393,0.454956,0.380646,
forest-51,0.150711,0.257065,0.175827,0.245804,0.291656,0.177414,0.173248,0.241623,0.165100,0.215286,
forest-29,0.871552,0.565811,0.230713,0.713028,0.225174,0.227676,0.199585,0.368546,0.548416,0.299271,
buildings-07,0.574448,0.296112,0.262543,0.316849,0.267929,0.247421,0.285828,0.307419,0.465775,0.264099,
river-41,0.334229,0.212006,0.205582,0.212677,0.285065,0.215698,0.217545,0.217087,0.179428,0.192322,
intersection-08,0.300201,0.265198,0.191650,0.286591,0.264252,0.187714,0.194473,0.229538,0.264038,0.238815,
river-42,0.345627,0.228027,0.218506,0.234497,0.297302,0.229462,0.229584,0.233292,0.193420,0.208420,
denseresidential-15,0.962875,0.345566,0.366516,0.355408,0.314072,0.371841,0.359711,0.314240,0.362671,0.337234,
river-23,0.359451,0.318115,0.257019,0.346603,0.294876,0.271515,0.283417,0.299667,0.369568,0.303436,
denseresidential-28,0.832092,0.360489,0.395615,0.362289,0.338837,0.362076,0.355927,0.334152,0.416428,0.350937,
river-56,0.443008,0.432709,0.373856,0.476227,0.447067,0.378159,0.368027,0.363419,0.401794,0.434875,
forest-07,0.672806,0.425507,0.374374,0.467957,0.365891,0.479263,0.444351,0.467529,0.550446,0.348389,
denseresidential-98,1.118118,0.216293,0.283997,0.209335,0.281418,0.243729,0.293045,0.294510,0.259018,0.208588,
forest-55,0.267822,0.250214,0.229935,0.252457,0.343185,0.227203,0.241074,0.276077,0.219528,0.226562,
intersection-52,0.795944,0.503784,0.173187,0.662552,0.164078,0.176300,0.143951,0.325592,0.544571,0.224457,
intersection-00,0.767975,0.253418,0.221451,0.264679,0.235519,0.165100,0.181213,0.223389,0.257339,0.214966,
buildings-35,1.065765,0.408569,0.585709,0.414215,0.432373,0.659637,0.603180,0.515656,0.809753,0.419128,
buildings-36,1.043610,0.263092,0.278580,0.267029,0.279633,0.226791,0.259537,0.272064,0.278442,0.256317,
intersection-80,0.690323,0.433441,0.406464,0.459229,0.382462,0.376328,0.403824,0.410751,0.556625,0.436951,
forest-59,0.157852,0.267273,0.195053,0.259521,0.330902,0.189148,0.186050,0.246750,0.184814,0.219254,
intersection-03,0.347794,0.241425,0.192719,0.254883,0.259399,0.191956,0.201080,0.230316,0.244644,0.219223,
river-62,0.443100,0.451218,0.368744,0.501419,0.453445,0.374054,0.365891,0.361359,0.426697,0.449554,
buildings-85,0.771622,0.314743,0.400513,0.311615,0.255768,0.750992,0.545914,0.522568,0.775558,0.315933,
denseresidential-49,1.198776,0.506363,0.352005,0.558304,0.236084,0.413467,0.345337,0.389008,0.648407,0.397232,
river-06,0.548111,0.335449,0.246155,0.365326,0.284866,0.282501,0.266937,0.303757,0.337494,0.256622,
buildings-58,1.168594,0.274673,0.428650,0.274612,0.362167,0.443649,0.444412,0.347946,0.369583,0.312057,
intersection-48,1.026016,0.483322,0.189392,0.631851,0.143173,0.187286,0.160339,0.320740,0.548218,0.204453,
river-01,0.829834,0.357880,0.400208,0.364502,0.346802,0.519348,0.487411,0.456665,0.619904,0.339279,
buildings-67,0.663315,0.267227,0.331406,0.263260,0.372589,0.318924,0.324463,0.294128,0.293854,0.259277,
forest-31,0.483032,0.427948,0.251541,0.521164,0.281662,0.305420,0.299545,0.359299,0.436340,0.292252,
intersection-63,1.130936,0.317856,0.496567,0.320831,0.392471,0.547119,0.523071,0.403885,0.506897,0.353241,
intersection-24,0.808548,0.338745,0.356125,0.345581,0.322678,0.470428,0.426620,0.416794,0.535248,0.316528,
buildings-18,0.792343,0.362839,0.236862,0.398941,0.238342,0.209503,0.203979,0.270676,0.424454,0.297974,
forest-74,0.524750,0.290863,0.307297,0.304794,0.354935,0.402710,0.412552,0.415237,0.442764,0.289124,
intersection-25,0.993423,0.302094,0.279251,0.310898,0.229980,0.318253,0.287964,0.287613,0.389023,0.252472,
river-04,0.876038,0.363022,0.400970,0.368835,0.336487,0.541351,0.476944,0.446671,0.585434,0.335648,
buildings-20,0.674316,0.242828,0.193665,0.251709,0.227936,0.147263,0.167953,0.206909,0.242386,0.205856,
denseresidential-83,0.436752,0.319382,0.289032,0.342056,0.385254,0.287170,0.329117,0.346848,0.344040,0.324631,
intersection-37,0.550766,0.310226,0.287018,0.319504,0.307938,0.327576,0.321823,0.308273,0.299759,0.280426,
buildings-83,0.813248,0.429291,0.640137,0.419327,0.389221,0.371124,0.413177,0.381088,0.741348,0.463333,
river-88,0.182831,0.316025,0.180939,0.359268,0.228699,0.173126,0.177612,0.238098,0.344666,0.290512,
forest-20,0.601944,0.310318,0.327850,0.316330,0.354614,0.371964,0.400436,0.402740,0.475815,0.301788,
forest-67,0.223419,0.206757,0.182907,0.219101,0.277222,0.198868,0.197830,0.234024,0.156891,0.193939,
denseresidential-74,0.957184,0.328827,0.472321,0.327179,0.434250,0.507172,0.508621,0.400208,0.444519,0.350616,
river-82,0.751755,0.331131,0.233948,0.371201,0.193634,0.295303,0.283539,0.296829,0.376724,0.228470,
denseresidential-76,0.877029,0.284714,0.395172,0.276733,0.386047,0.396988,0.419846,0.355576,0.323151,0.290024,
intersection-39,0.729172,0.306625,0.338028,0.308609,0.325974,0.377029,0.373871,0.331573,0.316345,0.305954,
buildings-69,1.355850,0.464127,0.889282,0.470551,0.502991,0.819595,0.759079,0.529175,0.820892,0.713989,
denseresidential-89,1.104401,0.579407,0.229385,0.682190,0.177170,0.199509,0.169830,0.330017,0.642334,0.380280,
denseresidential-08,0.345337,0.313049,0.228058,0.337921,0.310150,0.224625,0.225159,0.262024,0.302658,0.276184,
buildings-42,0.956451,0.360779,0.341522,0.373337,0.316299,0.311844,0.331497,0.338791,0.415604,0.323563,
forest-50,0.136383,0.266022,0.162094,0.250366,0.280899,0.163635,0.158829,0.239578,0.158447,0.221649,
buildings-00,0.350327,0.255524,0.186920,0.268890,0.259201,0.178543,0.182922,0.211838,0.248062,0.223984,
denseresidential-20,0.871948,0.308441,0.331055,0.317398,0.317490,0.335495,0.333725,0.292542,0.324829,0.305267,
river-77,0.638275,0.863892,0.264282,0.938126,0.237274,0.222198,0.201614,0.343948,0.841599,0.733017,
buildings-14,0.347168,0.243256,0.173203,0.249054,0.241150,0.168961,0.173386,0.194458,0.230377,0.212631,
denseresidential-54,0.841400,0.345764,0.469162,0.344101,0.471848,0.493088,0.509018,0.419373,0.417496,0.361572,
intersection-07,0.274414,0.229568,0.150146,0.248734,0.231644,0.164719,0.166855,0.204269,0.203232,0.190659,
buildings-61,1.036713,0.284485,0.408859,0.267746,0.311249,0.443222,0.433960,0.317398,0.357117,0.310623,
buildings-78,0.770065,0.425797,0.290115,0.438644,0.262100,0.283478,0.259323,0.303574,0.475815,0.380005,
denseresidential-34,0.776779,0.461060,0.209412,0.535889,0.203537,0.202789,0.179062,0.281815,0.484818,0.300629,
denseresidential-44,0.860779,0.495071,0.425201,0.515625,0.305038,0.567474,0.442093,0.410995,0.659592,0.487335,
intersection-71,1.168625,0.452026,0.590668,0.443451,0.378189,0.841690,0.675262,0.568298,0.803802,0.469879,
forest-70,0.214508,0.259842,0.210052,0.267075,0.340805,0.210648,0.216095,0.256424,0.204590,0.238510,
denseresidential-97,1.128922,0.610718,0.290161,0.671402,0.188858,0.288956,0.264572,0.335907,0.646149,0.462418,
denseresidential-22,0.923218,0.348587,0.358597,0.362244,0.320145,0.368896,0.370163,0.306931,0.338593,0.352829,
intersection-12,0.287018,0.226807,0.177399,0.236923,0.261948,0.175491,0.182358,0.213516,0.208588,0.203079,
buildings-98,1.416626,0.569717,0.991257,0.509232,0.393890,0.690048,0.636429,0.505936,1.070129,0.689789,
forest-11,1.018311,0.374893,0.483322,0.357956,0.334198,0.801498,0.580750,0.481445,0.716827,0.349274,
forest-69,0.192886,0.255600,0.199142,0.266586,0.325623,0.202667,0.204895,0.244339,0.198700,0.240082,
intersection-75,1.182236,0.444000,0.580627,0.412750,0.339066,0.927094,0.691040,0.549881,0.806183,0.463959,
buildings-48,0.973877,0.354828,0.332275,0.355728,0.290436,0.309784,0.324997,0.297684,0.352524,0.361099,
river-21,0.663940,0.297379,0.236603,0.336960,0.220139,0.305145,0.280029,0.323166,0.465271,0.211197,
buildings-71,0.690643,0.333237,0.400635,0.357010,0.333115,0.521454,0.483032,0.414764,0.597549,0.359741,
intersection-65,1.030060,0.322495,0.490662,0.331650,0.416351,0.503525,0.514465,0.414368,0.532959,0.355255,
intersection-04,0.457108,0.278564,0.197556,0.300156,0.256271,0.191757,0.190048,0.236603,0.250397,0.224655,
denseresidential-02,0.732224,0.390335,0.254654,0.432770,0.260803,0.228333,0.227341,0.301422,0.430557,0.319443,
buildings-66,0.872482,0.294998,0.423126,0.292572,0.377075,0.443756,0.428329,0.328232,0.373993,0.326370,
river-94,0.190247,0.197952,0.141449,0.217621,0.244720,0.155472,0.156174,0.204102,0.141739,0.188721,
river-76,0.586319,0.348389,0.291656,0.417892,0.221359,0.532120,0.418457,0.511490,0.733017,0.259842,
river-38,0.377518,0.221405,0.210678,0.227264,0.285873,0.216675,0.219223,0.235535,0.185349,0.200607,
river-68,1.021881,0.416306,0.223785,0.528595,0.189316,0.251282,0.230682,0.360413,0.563705,0.224457,
denseresidential-09,0.374252,0.315857,0.233612,0.341095,0.309128,0.225449,0.227280,0.263977,0.309875,0.279907,
intersection-53,0.723419,0.548340,0.182709,0.738190,0.176651,0.212067,0.169235,0.359192,0.596985,0.220612,
river-49,0.349579,0.201553,0.188599,0.202408,0.262222,0.198303,0.200577,0.206879,0.168594,0.178604,
intersection-93,0.919403,0.558823,0.209900,0.700302,0.176331,0.210419,0.181931,0.337921,0.586105,0.295029,
intersection-55,0.740005,0.533310,0.172211,0.725281,0.166763,0.185135,0.150589,0.343323,0.565094,0.208740,
intersection-47,0.773972,0.570724,0.183746,0.743210,0.166046,0.192047,0.160110,0.338593,0.586975,0.264435,
intersection-01,0.456573,0.302383,0.229095,0.329147,0.261597,0.229141,0.228592,0.261856,0.332870,0.260468,
river-31,0.992233,0.613800,0.232269,0.753250,0.204071,0.214020,0.180099,0.362671,0.621826,0.353470,
intersection-11,0.392471,0.209381,0.179306,0.217163,0.251007,0.164474,0.180939,0.203796,0.213394,0.189468,
intersection-45,0.480347,0.291733,0.243820,0.300232,0.279633,0.272034,0.266708,0.266220,0.264969,0.265945,
river-95,0.142700,0.167435,0.110443,0.184143,0.210693,0.123734,0.124161,0.183945,0.107330,0.159164,
forest-96,0.246872,0.280869,0.247910,0.277893,0.402145,0.220001,0.257019,0.277328,0.272232,0.246002,
river-34,0.428894,0.248032,0.255356,0.250473,0.336700,0.256790,0.256470,0.257385,0.213715,0.224060,
denseresidential-93,0.954193,0.629486,0.238968,0.755798,0.212234,0.227783,0.195847,0.364899,0.631897,0.381042,
river-40,0.363937,0.210968,0.203232,0.211319,0.275787,0.206177,0.211685,0.215057,0.181488,0.191162,
river-67,0.428284,0.348862,0.276001,0.351532,0.350250,0.283401,0.282776,0.318359,0.291260,0.312531,
river-74,1.353119,0.344986,0.260864,0.390610,0.187332,0.342361,0.285858,0.357681,0.582977,0.229935,
intersection-86,0.805786,0.530762,0.166107,0.715836,0.158844,0.172211,0.139282,0.337692,0.553101,0.197708,
forest-00,0.161926,0.240128,0.220612,0.252823,0.285400,0.176605,0.216278,0.228745,0.368546,0.243668,
river-55,0.350983,0.414764,0.349777,0.452286,0.448441,0.357071,0.347610,0.352448,0.353897,0.411285,
forest-58,0.235245,0.285385,0.248032,0.279755,0.377472,0.239059,0.246048,0.285080,0.229691,0.246994,
forest-99,0.266037,0.292969,0.258209,0.293793,0.396210,0.242386,0.272705,0.285858,0.287689,0.271896,
denseresidential-68,0.819473,0.303879,0.405243,0.301025,0.406082,0.407944,0.412231,0.354416,0.352127,0.308640,
intersection-57,1.014450,0.433289,0.449356,0.413055,0.255920,0.657928,0.498352,0.406662,0.630386,0.421661,
buildings-47,0.703583,0.309982,0.264603,0.328842,0.294052,0.232071,0.252930,0.277069,0.324783,0.296814,
denseresidential-64,0.765121,0.293564,0.358307,0.290314,0.389404,0.338150,0.352112,0.325455,0.305664,0.281158,
river-87,0.177521,0.388611,0.175888,0.430603,0.218582,0.162323,0.165024,0.236588,0.402634,0.359116,
forest-86,0.246948,0.274246,0.236801,0.276031,0.378235,0.222549,0.246643,0.274994,0.246506,0.248581,
river-03,0.694336,0.334473,0.364700,0.346970,0.321457,0.469345,0.433258,0.435623,0.582703,0.318649,
intersection-05,0.329361,0.206924,0.171326,0.207001,0.247620,0.160309,0.171326,0.190109,0.195068,0.181519,
buildings-53,0.837646,0.292419,0.388428,0.292694,0.377197,0.396362,0.391785,0.322617,0.349579,0.302338,
forest-64,0.405869,0.254486,0.249481,0.268295,0.317398,0.329865,0.339035,0.339142,0.304718,0.249374,
buildings-02,0.696396,0.313721,0.384369,0.296371,0.258926,0.192627,0.222580,0.242661,0.420959,0.285873,
intersection-98,1.174057,0.459747,0.318314,0.509827,0.207993,0.363419,0.318436,0.361374,0.593536,0.351089,
river-00,0.727554,0.324997,0.340652,0.335022,0.306946,0.455124,0.404968,0.398895,0.520218,0.290421,
denseresidential-82,0.452530,0.319717,0.291260,0.339737,0.382797,0.286072,0.326981,0.349228,0.343750,0.323639,
denseresidential-91,0.979279,0.573181,0.205856,0.715164,0.169540,0.185425,0.155899,0.340668,0.608093,0.303650,
denseresidential-40,0.897156,0.429886,0.435959,0.459747,0.363510,0.537231,0.474747,0.445114,0.600784,0.392670,
buildings-99,1.348312,0.500854,0.860245,0.454910,0.349228,0.514236,0.512085,0.438919,0.951096,0.567703,
river-78,0.695450,0.859299,0.267303,0.915237,0.231522,0.220932,0.200653,0.336609,0.850769,0.757187,
buildings-25,1.281189,0.460632,0.649002,0.437302,0.348862,1.018509,0.705063,0.607025,1.038788,0.464676,
river-22,0.369095,0.286301,0.255203,0.308792,0.296829,0.310776,0.311310,0.321930,0.377701,0.278778,
forest-10,0.797455,0.351715,0.441895,0.354904,0.342651,0.710693,0.570206,0.546432,0.761627,0.341263,
intersection-15,0.310379,0.210205,0.158722,0.214447,0.244064,0.154861,0.160461,0.184189,0.197906,0.177872,
forest-65,0.283768,0.255569,0.222870,0.272766,0.323990,0.235001,0.237579,0.256546,0.211212,0.237671,
buildings-31,1.073853,0.324799,0.415436,0.326126,0.334656,0.419220,0.412308,0.327057,0.357605,0.349533,
denseresidential-78,0.790634,0.319077,0.426041,0.313477,0.449631,0.434097,0.462845,0.398743,0.357605,0.324158,
buildings-08,0.500656,0.247467,0.205612,0.259521,0.250473,0.176758,0.191437,0.215561,0.270233,0.229614,
denseresidential-84,1.161011,0.443527,0.452606,0.428223,0.204102,0.454361,0.410172,0.383301,0.660614,0.445084,
river-13,0.889847,0.316055,0.338821,0.330215,0.273972,0.413849,0.375519,0.402817,0.582977,0.276428,
denseresidential-31,1.012680,0.347275,0.305832,0.371124,0.273727,0.311935,0.300308,0.303452,0.403900,0.285355,
forest-45,0.164780,0.258377,0.189789,0.248978,0.314911,0.185806,0.184906,0.246399,0.179596,0.216354,
denseresidential-96,1.106232,0.672241,0.331772,0.721924,0.217468,0.340820,0.320389,0.358200,0.679337,0.551315,
denseresidential-41,0.862305,0.621353,0.372192,0.657913,0.268799,0.483566,0.403412,0.426910,0.751038,0.553421,
buildings-43,0.766510,0.243225,0.245453,0.242432,0.266266,0.218674,0.231827,0.244064,0.237259,0.226608,
river-90,0.168350,0.311844,0.181839,0.346405,0.231445,0.171463,0.176559,0.228653,0.339661,0.310699,
intersection-99,1.080551,0.454437,0.306061,0.525299,0.210297,0.394974,0.333328,0.399979,0.638550,0.324829,
river-98,0.147736,0.215179,0.140182,0.214493,0.255798,0.149628,0.149948,0.218033,0.136948,0.189056,
river-70,1.262024,0.402863,0.225555,0.494431,0.169952,0.235138,0.213745,0.340576,0.565125,0.232590,
intersection-30,1.013474,0.375809,0.439407,0.376846,0.332886,0.652573,0.534256,0.487213,0.691208,0.347595,
denseresidential-67,0.610519,0.292862,0.374298,0.289795,0.402420,0.390564,0.399323,0.350815,0.339340,0.292999,
intersection-69,0.821304,0.268463,0.350662,0.267380,0.345261,0.353668,0.366318,0.321533,0.335663,0.270004,
river-69,0.938766,0.445541,0.229370,0.574371,0.198669,0.270844,0.243027,0.376709,0.573212,0.237854,
denseresidential-05,0.452805,0.275040,0.185379,0.295074,0.243378,0.169785,0.168594,0.211075,0.262192,0.240280,
river-33,1.003159,0.589722,0.246902,0.722900,0.219376,0.238663,0.212723,0.371002,0.590607,0.333725,
river-61,0.379532,0.364822,0.302490,0.392700,0.404083,0.305344,0.308136,0.321106,0.338669,0.335373,
denseresidential-24,0.829544,0.364410,0.352432,0.402267,0.346695,0.353867,0.341064,0.318054,0.396484,0.349701,
river-32,1.107132,0.553787,0.224564,0.680450,0.185226,0.203110,0.175491,0.344772,0.589600,0.301346,
forest-88,0.255600,0.295029,0.257034,0.302246,0.383423,0.251114,0.268417,0.281143,0.287582,0.284592,
intersection-64,1.175583,0.304031,0.481781,0.300034,0.375244,0.505249,0.492203,0.358459,0.406723,0.350815,
forest-62,0.683395,0.293594,0.327637,0.289032,0.373749,0.278961,0.415283,0.429733,0.593445,0.262024,
forest-57,0.298691,0.275986,0.259018,0.276733,0.379776,0.257309,0.270721,0.300659,0.240479,0.247025,
denseresidential-04,0.773041,0.372803,0.250092,0.410294,0.264175,0.229782,0.230240,0.295395,0.431595,0.309723,
buildings-49,1.020767,0.248764,0.295776,0.239334,0.283936,0.246552,0.292206,0.287643,0.279129,0.241837,
river-54,0.386032,0.439514,0.377640,0.492081,0.472778,0.379822,0.374466,0.375885,0.393936,0.461060,
forest-63,0.401993,0.244293,0.234085,0.256073,0.307800,0.313751,0.325821,0.341843,0.298920,0.233978,
forest-89,0.208023,0.262375,0.210281,0.273422,0.339386,0.211960,0.218079,0.251404,0.215164,0.247543,
buildings-88,1.107925,0.503387,0.310852,0.575592,0.210449,0.347122,0.295639,0.358795,0.618454,0.364334,
denseresidential-35,1.111542,0.564621,0.276627,0.654938,0.193024,0.289963,0.267944,0.346695,0.570679,0.367630,
intersection-34,0.693222,0.305832,0.306931,0.309677,0.295715,0.332291,0.326569,0.295578,0.289520,0.300156,
forest-49,0.137344,0.246918,0.156052,0.236557,0.271866,0.159912,0.155655,0.229523,0.151901,0.207169,
river-16,0.600662,0.290619,0.275558,0.318451,0.260788,0.366959,0.346497,0.385452,0.504715,0.243866,
buildings-74,1.024033,0.521378,0.758804,0.498367,0.381638,0.446701,0.452530,0.398468,0.861404,0.537872,
denseresidential-69,0.465897,0.292923,0.334061,0.291458,0.406982,0.358673,0.366043,0.320541,0.286377,0.280197,
intersection-85,1.152832,0.404099,0.459625,0.328476,0.236206,1.050049,0.612610,0.413177,0.656219,0.346329,
buildings-96,1.284515,0.351135,0.404129,0.350098,0.255844,0.446396,0.430481,0.327332,0.438522,0.352829,
river-37,0.371872,0.228073,0.217148,0.234222,0.291809,0.227997,0.228775,0.242310,0.184860,0.209824,
forest-44,0.178680,0.248535,0.202591,0.245453,0.331940,0.191605,0.195923,0.245926,0.192566,0.209946,
denseresidential-42,0.925903,0.506699,0.321259,0.587769,0.263855,0.383102,0.317841,0.369492,0.602982,0.401917,
forest-87,0.250015,0.292175,0.255051,0.299637,0.381042,0.247711,0.264694,0.278412,0.287537,0.280167,
buildings-27,1.110001,0.391678,0.383987,0.408539,0.255203,0.394165,0.352631,0.361603,0.569962,0.348007,
buildings-84,1.087646,0.537918,0.567459,0.570953,0.433243,0.479004,0.471344,0.456116,0.679810,0.579300,
river-66,0.437469,0.401123,0.305237,0.422394,0.385971,0.322083,0.317261,0.352432,0.332565,0.366318,
river-18,0.491577,0.246994,0.219376,0.266342,0.233032,0.295715,0.279083,0.310349,0.408661,0.203262,
intersection-89,0.929153,0.555969,0.203796,0.704620,0.176025,0.197586,0.163788,0.340469,0.604126,0.287170,
forest-12,1.178223,0.388138,0.478958,0.349106,0.282730,0.883530,0.573288,0.447693,0.689468,0.345367,
river-53,0.436279,0.395447,0.370804,0.411514,0.469955,0.372757,0.377792,0.375168,0.373184,0.390854,
forest-82,0.267899,0.289841,0.252304,0.289032,0.395218,0.236908,0.263367,0.289078,0.259171,0.262344,
buildings-95,1.046631,0.394882,0.327881,0.425522,0.205734,0.328629,0.313095,0.343124,0.585754,0.349274,
intersection-88,0.946503,0.568893,0.224762,0.697662,0.168839,0.235718,0.209381,0.331329,0.582260,0.327637,
intersection-49,1.163788,0.498276,0.420563,0.529510,0.255035,0.504852,0.431122,0.432144,0.674423,0.438049,
denseresidential-16,1.073410,0.393585,0.391281,0.383392,0.274216,0.417023,0.413544,0.315613,0.399261,0.377747,
buildings-68,1.248444,0.242020,0.359665,0.242752,0.325668,0.348785,0.373062,0.321457,0.342041,0.260315,
river-25,0.536438,0.275238,0.288300,0.289276,0.305557,0.396988,0.385574,0.400848,0.470306,0.271591,
river-96,0.202393,0.286575,0.184830,0.280518,0.292252,0.185547,0.186371,0.255157,0.207153,0.247391,
forest-18,0.809357,0.345612,0.413147,0.349503,0.337448,0.528320,0.482727,0.466217,0.659637,0.324707,
intersection-29,0.905670,0.362869,0.436981,0.367111,0.367981,0.579727,0.541550,0.489990,0.687088,0.349655,
denseresidential-60,0.848221,0.335464,0.467255,0.335052,0.458878,0.491821,0.510056,0.412827,0.461334,0.352051,
intersection-73,0.875244,0.450150,0.372604,0.517548,0.302765,0.467972,0.424515,0.436554,0.582352,0.341248,
intersection-14,0.273422,0.217590,0.169220,0.226242,0.254974,0.164825,0.175308,0.206482,0.207672,0.186935,
buildings-75,1.043427,0.413544,0.487244,0.447495,0.333603,0.449600,0.433243,0.396317,0.617050,0.402863,
denseresidential-51,0.838593,0.314682,0.418365,0.316696,0.444168,0.449768,0.477295,0.397308,0.363480,0.328278,
buildings-93,1.251160,0.256790,0.263580,0.265442,0.225418,0.212112,0.234772,0.248688,0.274887,0.249451,
denseresidential-18,0.853424,0.396683,0.353500,0.418777,0.328308,0.371246,0.352707,0.331009,0.404480,0.387192,
river-91,0.182251,0.236465,0.182434,0.246902,0.311813,0.171967,0.183273,0.233383,0.196960,0.206177,
intersection-87,0.810181,0.529114,0.170029,0.708099,0.160095,0.170380,0.138412,0.335175,0.564484,0.214539,
intersection-10,0.313522,0.225098,0.175232,0.242462,0.248093,0.174545,0.180984,0.218552,0.207474,0.204132,
denseresidential-92,0.893188,0.621262,0.220566,0.755951,0.200897,0.206375,0.177124,0.350342,0.636658,0.371811,
denseresidential-95,1.343140,0.537994,0.349228,0.560516,0.211411,0.390533,0.365372,0.355087,0.564560,0.424530,
buildings-54,1.088303,0.300659,0.454208,0.301346,0.407654,0.463455,0.478409,0.369614,0.409286,0.328125,
river-19,0.422058,0.212906,0.209457,0.215698,0.244064,0.284363,0.272812,0.290710,0.373474,0.190460,
intersection-94,1.018631,0.379288,0.345169,0.390320,0.230774,0.551483,0.404175,0.378235,0.581360,0.310349,
forest-26,0.828125,0.711792,0.311111,0.855698,0.293808,0.308594,0.277390,0.429291,0.652603,0.473755,
river-92,0.172134,0.228973,0.175507,0.240280,0.303909,0.158646,0.172089,0.225449,0.196259,0.195526,
forest-91,0.279312,0.289124,0.257706,0.282104,0.406754,0.228973,0.273621,0.289764,0.288361,0.258057,
river-45,0.314468,0.226089,0.209152,0.231033,0.300385,0.222305,0.226242,0.237152,0.186874,0.202988,
intersection-13,0.591934,0.221786,0.231079,0.222977,0.267426,0.184219,0.228333,0.258331,0.276352,0.206512,
buildings-97,1.320145,0.446823,0.668961,0.419724,0.321533,0.584442,0.557617,0.424973,0.706680,0.516220,
river-50,0.309586,0.189194,0.173309,0.190262,0.253448,0.185944,0.187683,0.194534,0.155823,0.169907,
denseresidential-86,1.129700,0.489182,0.690170,0.378189,0.301590,0.921036,0.734299,0.497955,0.822205,0.628799,
forest-35,0.243378,0.267105,0.240295,0.274475,0.356171,0.252747,0.245453,0.266418,0.198029,0.237747,
forest-01,0.130936,0.604233,0.226913,0.625107,0.274918,0.190964,0.184021,0.273575,0.561996,0.590744,
denseresidential-25,0.697678,0.416122,0.342987,0.473679,0.350983,0.344040,0.326965,0.339828,0.413925,0.392868,
river-11,0.787613,0.283646,0.304153,0.278641,0.271225,0.367111,0.336380,0.351807,0.445068,0.255600,
buildings-57,0.673950,0.256241,0.304550,0.250763,0.302582,0.311172,0.300903,0.271149,0.273651,0.251465,
buildings-79,1.195801,0.436676,0.448532,0.437805,0.317200,0.479080,0.468567,0.380005,0.468323,0.416916,
buildings-38,0.968842,0.371719,0.324677,0.376129,0.298248,0.325531,0.347290,0.325180,0.395767,0.348480,
buildings-13,0.388580,0.282532,0.214935,0.296768,0.267380,0.200211,0.205719,0.231003,0.294647,0.257950,
buildings-22,0.421585,0.368271,0.247177,0.411484,0.271744,0.216049,0.215652,0.270248,0.383072,0.290421,
intersection-67,0.912827,0.303528,0.428146,0.304352,0.373993,0.462097,0.444717,0.365372,0.418533,0.321823,
forest-13,0.991959,0.402939,0.527191,0.398727,0.382919,0.788574,0.625031,0.552032,0.805588,0.381119,
intersection-50,0.917175,0.499817,0.177414,0.664581,0.147415,0.182480,0.151230,0.324509,0.552124,0.203995,
river-17,0.789474,0.323792,0.297653,0.345581,0.245255,0.382919,0.349426,0.350143,0.473572,0.257614,
river-72,0.790588,0.487640,0.242477,0.627777,0.237747,0.293396,0.272232,0.402390,0.561844,0.268219,
river-80,0.943451,0.642120,0.218140,0.727783,0.181213,0.174667,0.151810,0.307617,0.687714,0.479950,
forest-42,0.357758,0.382782,0.293442,0.427383,0.356277,0.319992,0.320816,0.333511,0.385330,0.356873,
buildings-73,0.969284,0.530579,0.806900,0.482178,0.363708,0.523590,0.494598,0.417313,0.969116,0.546951,
denseresidential-36,1.131607,0.568939,0.282944,0.656372,0.198700,0.297455,0.274841,0.350067,0.580963,0.379822,
river-08,0.816742,0.329117,0.300064,0.335739,0.267899,0.402710,0.335251,0.341324,0.451889,0.269485,
forest-24,0.602768,0.281357,0.320786,0.291946,0.342957,0.406586,0.435684,0.426163,0.549744,0.276230,
river-07,0.556961,0.248779,0.189423,0.256866,0.221832,0.207794,0.194016,0.222839,0.272781,0.191483,
buildings-03,0.383896,0.272415,0.189499,0.301056,0.267654,0.178955,0.185852,0.234924,0.258575,0.207367,
buildings-24,0.422180,0.227158,0.185883,0.228577,0.243134,0.154007,0.168350,0.192596,0.231827,0.193985,
intersection-40,0.577072,0.287933,0.271118,0.291779,0.291061,0.290512,0.285278,0.271790,0.270432,0.275314,
river-48,0.488190,0.173553,0.179901,0.169632,0.230515,0.178360,0.184296,0.186127,0.151428,0.157837,
river-28,0.757538,0.271637,0.241425,0.283279,0.235291,0.278564,0.259842,0.283920,0.396484,0.218872,
forest-21,0.465820,0.284988,0.278854,0.305817,0.343048,0.364471,0.369064,0.382629,0.387756,0.277100,
forest-92,0.294205,0.298645,0.268936,0.290909,0.413269,0.244492,0.288971,0.296585,0.304626,0.270981,
forest-06,0.601074,0.365326,0.340302,0.395401,0.360611,0.431122,0.418884,0.433777,0.492081,0.321304,
denseresidential-14,0.918930,0.344467,0.357529,0.352051,0.303772,0.363113,0.344818,0.310913,0.368668,0.332596,
forest-36,0.236633,0.268661,0.234726,0.275146,0.355698,0.245605,0.239777,0.263107,0.196335,0.237549,
denseresidential-75,0.755478,0.290482,0.388458,0.285431,0.387878,0.406479,0.420212,0.348389,0.342880,0.296112,
forest-54,0.335312,0.266159,0.220566,0.273331,0.316177,0.228851,0.243332,0.286255,0.230652,0.231796,
forest-25,0.687836,0.687759,0.305756,0.842606,0.292801,0.319946,0.294357,0.426834,0.662369,0.463455,
buildings-46,0.832764,0.332138,0.320633,0.326096,0.281937,0.282410,0.299515,0.284164,0.360413,0.352036,
buildings-40,0.898254,0.395950,0.335571,0.402390,0.316025,0.328247,0.341965,0.330109,0.409500,0.364548,
intersection-96,0.988632,0.430359,0.363434,0.467361,0.230637,0.531128,0.408737,0.438446,0.690521,0.353119,
intersection-70,1.209732,0.463394,0.615784,0.427032,0.348404,0.912018,0.709579,0.557068,0.822754,0.506454,
river-20,0.772018,0.268143,0.239578,0.275345,0.217941,0.282578,0.256500,0.272491,0.395004,0.216949,
river-97,0.196930,0.287369,0.181442,0.276550,0.288879,0.178345,0.178268,0.253448,0.197510,0.238373,
denseresidential-85,1.079239,0.422470,0.405731,0.419128,0.230240,0.474625,0.388107,0.374725,0.600876,0.386475,
denseresidential-13,0.828751,0.402588,0.379501,0.425110,0.335144,0.394821,0.370102,0.382065,0.510208,0.375122,
denseresidential-88,1.137802,0.564301,0.216232,0.658783,0.157516,0.178345,0.151016,0.313034,0.640259,0.368515,
river-05,0.672531,0.376434,0.286469,0.413574,0.290482,0.343033,0.322281,0.354019,0.406952,0.290863,
buildings-80,0.891357,0.415405,0.423172,0.435074,0.360901,0.471863,0.460587,0.420639,0.512604,0.386246,
river-29,1.056152,0.534805,0.206757,0.678070,0.173523,0.191956,0.161255,0.342117,0.576431,0.262741,
forest-33,0.457291,0.359985,0.253174,0.411560,0.305542,0.298096,0.294250,0.330582,0.346054,0.283478,
denseresidential-39,1.295181,0.509872,0.211472,0.607529,0.142258,0.171570,0.143082,0.316208,0.610382,0.290939,
intersection-84,1.019470,0.364304,0.326385,0.366562,0.226288,0.392471,0.317322,0.333725,0.500549,0.316177,
buildings-81,0.640930,0.390091,0.395325,0.407516,0.414017,0.382721,0.393463,0.354340,0.462494,0.408768,
denseresidential-58,0.982254,0.276077,0.388580,0.270874,0.364746,0.393570,0.411041,0.340302,0.342911,0.288361,
intersection-61,0.652527,0.247269,0.232162,0.249557,0.237823,0.233383,0.226944,0.241150,0.267059,0.216049,
intersection-77,0.209229,0.175308,0.117447,0.194458,0.192963,0.117096,0.120682,0.177048,0.134567,0.164627,
denseresidential-43,0.787811,0.473404,0.349899,0.543594,0.290833,0.492722,0.391754,0.404678,0.620041,0.374252,
denseresidential-66,0.646378,0.321732,0.415710,0.322052,0.456818,0.449448,0.465195,0.408463,0.362671,0.322678,
buildings-37,1.039764,0.228302,0.243469,0.231720,0.249924,0.191803,0.221985,0.242279,0.230682,0.214783,
forest-60,0.243149,0.276703,0.190308,0.278778,0.296188,0.190384,0.194458,0.252075,0.217636,0.240097,
forest-84,0.244598,0.287292,0.243942,0.295914,0.373596,0.238693,0.256912,0.274353,0.272766,0.275208,
buildings-01,0.412430,0.264038,0.178589,0.287842,0.243546,0.166885,0.171295,0.212158,0.257706,0.205933,
intersection-06,0.416321,0.295776,0.189896,0.324799,0.249176,0.190903,0.189224,0.243729,0.277771,0.234375,
buildings-77,0.867264,0.482895,0.571838,0.519531,0.378143,0.494385,0.465149,0.424713,0.738937,0.508362,
intersection-02,0.571274,0.334183,0.299164,0.357712,0.282654,0.270630,0.274719,0.303162,0.412338,0.292175,
buildings-56,0.672958,0.273376,0.330460,0.266312,0.328476,0.343323,0.338745,0.295120,0.294006,0.272766,
buildings-65,1.172485,0.328323,0.531448,0.330063,0.362747,0.650940,0.661621,0.569183,0.987137,0.301178,
denseresidential-17,1.167847,0.374847,0.437424,0.356140,0.284317,0.467926,0.465668,0.320190,0.388611,0.383026,
buildings-59,1.058884,0.313675,0.474274,0.319443,0.396286,0.493347,0.484314,0.365601,0.440750,0.362625,
buildings-04,0.694092,0.209747,0.205856,0.207916,0.246750,0.156845,0.179504,0.210205,0.222626,0.180420,
denseresidential-11,0.488510,0.258728,0.233932,0.264084,0.278183,0.197876,0.207718,0.243866,0.258179,0.230331,
intersection-83,0.669434,0.335541,0.365524,0.342453,0.373550,0.349976,0.369736,0.359543,0.417694,0.327240,
river-89,0.156525,0.276550,0.170456,0.311020,0.209152,0.157684,0.167282,0.218262,0.326981,0.274551,
forest-77,0.219971,0.253494,0.211090,0.259720,0.340027,0.210678,0.220291,0.254288,0.208420,0.235474,
buildings-05,0.470596,0.344467,0.218750,0.386917,0.262421,0.207443,0.208939,0.260788,0.349655,0.283203,
river-79,0.948013,0.709808,0.256592,0.797958,0.216446,0.225098,0.199890,0.347809,0.723053,0.540283,
denseresidential-45,0.918182,0.457611,0.365021,0.485413,0.270584,0.452347,0.394577,0.365967,0.580444,0.426666,
denseresidential-62,0.543182,0.252579,0.257462,0.253891,0.320038,0.259094,0.266418,0.261673,0.261627,0.211716,
intersection-18,1.137772,0.358994,0.332367,0.369186,0.252670,0.375366,0.337433,0.327637,0.440002,0.304367,
river-43,0.318039,0.244019,0.234207,0.249817,0.333206,0.243500,0.241867,0.247589,0.197647,0.219620,
denseresidential-94,1.314270,0.517914,0.326447,0.559418,0.202988,0.358902,0.334824,0.345963,0.558548,0.392105,
river-27,0.628082,0.286346,0.236786,0.305756,0.238892,0.295715,0.269058,0.312302,0.400635,0.229767,
forest-73,0.162521,0.236237,0.166962,0.253738,0.290878,0.175888,0.172394,0.222244,0.162201,0.223633,
buildings-50,1.030060,0.186127,0.222916,0.177994,0.226196,0.172165,0.213318,0.225723,0.205368,0.171524,
buildings-09,0.489746,0.288132,0.224899,0.302124,0.271820,0.201691,0.210968,0.239456,0.295868,0.264008,
forest-22,0.573944,0.337128,0.355148,0.346802,0.413849,0.385834,0.427902,0.420486,0.442215,0.336700,
forest-93,0.314026,0.295715,0.263107,0.290161,0.398819,0.251953,0.289352,0.305267,0.279358,0.274841,
denseresidential-90,0.993561,0.555161,0.204773,0.701202,0.167892,0.189972,0.159912,0.341446,0.594574,0.277725,
denseresidential-79,0.993118,0.311310,0.431503,0.308609,0.432571,0.445740,0.468964,0.398376,0.365646,0.325577,
denseresidential-53,0.785080,0.327057,0.434235,0.322815,0.447739,0.460236,0.474838,0.400879,0.404816,0.337357,
river-85,0.108688,0.255127,0.144028,0.216797,0.266953,0.141785,0.145508,0.233536,0.135559,0.186798,
river-99,0.130081,0.255569,0.148804,0.238022,0.273605,0.153168,0.155106,0.237381,0.148056,0.211319,
denseresidential-48,1.136902,0.467010,0.325455,0.529984,0.221390,0.401917,0.316528,0.381088,0.625381,0.334900,
forest-90,0.196564,0.243774,0.191086,0.253464,0.316132,0.195099,0.198074,0.239685,0.187363,0.226959,
river-52,0.246078,0.157364,0.131302,0.155472,0.212189,0.136948,0.139664,0.154709,0.123917,0.135391,
forest-71,0.218613,0.255478,0.211334,0.261200,0.342590,0.208038,0.220001,0.254852,0.216873,0.235367,
intersection-60,0.637650,0.250366,0.243179,0.251465,0.251038,0.249557,0.246872,0.255753,0.270477,0.228394,
intersection-38,0.591476,0.340698,0.316895,0.357071,0.338882,0.339081,0.330688,0.319229,0.323364,0.338287,
buildings-51,1.178192,0.340698,0.366196,0.316467,0.242020,0.384979,0.399841,0.287781,0.342911,0.349701,
buildings-63,1.162125,0.343277,0.459229,0.356277,0.347290,0.506653,0.486008,0.364578,0.438049,0.348801,
river-24,0.559326,0.263580,0.271988,0.275208,0.279404,0.374664,0.354095,0.371475,0.443298,0.251205,
intersection-54,1.005447,0.518951,0.213394,0.641541,0.168594,0.213470,0.187317,0.326935,0.555435,0.275208,
denseresidential-30,0.841217,0.348602,0.287460,0.379349,0.282425,0.297134,0.286301,0.293884,0.371078,0.301254,
intersection-27,0.856125,0.340149,0.384537,0.347916,0.305023,0.584534,0.477768,0.458298,0.646103,0.316345,
denseresidential-73,0.894730,0.379654,0.533707,0.388382,0.499146,0.624786,0.603241,0.482895,0.559937,0.409637,
river-65,0.302856,0.322052,0.270798,0.332870,0.391251,0.278885,0.269455,0.291107,0.257736,0.286057,
river-14,1.038147,0.321014,0.329834,0.336182,0.238373,0.426758,0.358582,0.391357,0.602112,0.262100,
denseresidential-37,1.190125,0.560013,0.254578,0.641495,0.177322,0.242874,0.216797,0.329315,0.604324,0.372986,
forest-98,0.287216,0.292252,0.261398,0.289276,0.400452,0.250885,0.279404,0.295197,0.273087,0.268661,
denseresidential-23,0.901871,0.382523,0.348663,0.418106,0.317200,0.317520,0.310898,0.308014,0.404205,0.373657,
forest-14,0.959396,0.368698,0.456100,0.361084,0.337555,0.698715,0.541748,0.475342,0.693512,0.340698,
buildings-44,1.022110,0.237976,0.251343,0.238388,0.256104,0.205811,0.234604,0.254578,0.252945,0.222397,
denseresidential-19,0.349228,0.242661,0.215286,0.250565,0.277969,0.220688,0.213669,0.172562,0.239502,0.229614,
denseresidential-57,0.951965,0.301865,0.445557,0.315414,0.420959,0.470139,0.494736,0.401794,0.469940,0.327728,
intersection-68,1.007843,0.321487,0.470352,0.324265,0.402740,0.512192,0.498245,0.394928,0.457443,0.347321,
buildings-76,1.065277,0.419250,0.603897,0.420792,0.352478,0.627304,0.548828,0.471527,0.767975,0.447388,
buildings-72,1.023178,0.388535,0.525131,0.377441,0.349197,0.634186,0.564926,0.443848,0.624985,0.451019,
intersection-90,1.153793,0.456497,0.307098,0.528427,0.210281,0.393433,0.319794,0.398148,0.644699,0.303284,
buildings-52,1.276138,0.528030,0.871445,0.394165,0.389206,0.909119,0.790741,0.494949,0.865875,0.687866,
buildings-29,1.188034,0.326538,0.297256,0.350525,0.225693,0.320023,0.296387,0.337280,0.452805,0.261398,
denseresidential-65,0.733368,0.331299,0.415451,0.334717,0.444168,0.442032,0.450897,0.407654,0.376968,0.328827,
intersection-36,0.589844,0.294281,0.288559,0.297760,0.296814,0.310547,0.305435,0.296310,0.299637,0.278809,
intersection-17,1.258484,0.393143,0.387955,0.396912,0.251144,0.559662,0.410599,0.404526,0.620743,0.322876,
forest-17,0.656219,0.316223,0.355408,0.329956,0.375259,0.450317,0.493271,0.492126,0.605789,0.324387,
denseresidential-10,0.380295,0.263611,0.214020,0.274078,0.297485,0.199432,0.212631,0.242874,0.263763,0.228348,
denseresidential-56,0.838745,0.319473,0.466415,0.335938,0.460663,0.496063,0.523102,0.432251,0.533539,0.336411,
denseresidential-38,1.251541,0.576065,0.280899,0.641418,0.187469,0.270996,0.250488,0.341141,0.629913,0.412582,
denseresidential-00,0.412827,0.311584,0.244446,0.330353,0.314957,0.230881,0.233582,0.266418,0.317169,0.275665,
intersection-82,0.599274,0.465546,0.440918,0.491364,0.484161,0.421738,0.447021,0.436813,0.540878,0.472366,
river-51,0.328964,0.196320,0.191696,0.193680,0.266937,0.198624,0.202087,0.201019,0.168167,0.173676,
intersection-33,1.243561,0.391830,0.411118,0.386368,0.259399,0.646484,0.469833,0.419800,0.646133,0.330353,
forest-79,0.251282,0.265823,0.225159,0.266983,0.359024,0.213623,0.237381,0.270004,0.232758,0.241272,
buildings-26,1.191208,0.395523,0.536758,0.371964,0.302780,0.443619,0.439590,0.372345,0.592178,0.421555,
denseresidential-77,0.777603,0.297821,0.407028,0.292618,0.421951,0.419479,0.442215,0.371552,0.337570,0.303436,
intersection-22,1.068451,0.350784,0.314636,0.359650,0.212585,0.504547,0.347046,0.343353,0.542114,0.269852,
intersection-81,0.626541,0.412415,0.390808,0.436310,0.409286,0.364853,0.388031,0.392502,0.479797,0.407898,
forest-46,0.161880,0.258926,0.188110,0.248688,0.308090,0.187408,0.184036,0.245438,0.173782,0.218307,
river-47,0.309723,0.165771,0.144882,0.164078,0.220963,0.151535,0.156189,0.166809,0.136780,0.143646,
forest-61,0.665146,0.272858,0.318115,0.277969,0.347672,0.288086,0.398178,0.410843,0.561081,0.250198,
river-81,0.880096,0.647278,0.207718,0.744400,0.178070,0.169540,0.146606,0.310318,0.685211,0.469482,
buildings-82,0.997986,0.533783,0.676804,0.557480,0.514893,0.549774,0.559647,0.499313,0.734955,0.586899,
denseresidential-21,0.688950,0.372116,0.324753,0.405563,0.342041,0.331604,0.321762,0.313156,0.369812,0.337006,
river-30,1.205841,0.485931,0.185455,0.614410,0.144119,0.157715,0.128326,0.314484,0.569763,0.231552,
buildings-64,1.180969,0.356674,0.516876,0.336105,0.350891,0.734024,0.573013,0.413101,0.597977,0.358704,
buildings-60,1.080078,0.332291,0.426117,0.352051,0.341522,0.424927,0.416275,0.340866,0.424362,0.331696,
forest-05,0.185944,0.267105,0.210220,0.272430,0.321228,0.198227,0.208115,0.247665,0.261322,0.234055,
forest-56,0.360703,0.294327,0.292648,0.287888,0.419006,0.277618,0.318039,0.330032,0.298004,0.263260,
denseresidential-61,0.908783,0.328308,0.453690,0.329269,0.451950,0.487091,0.503922,0.408585,0.436020,0.345383,
denseresidential-47,0.839828,0.420639,0.373032,0.484787,0.308914,0.433060,0.421631,0.453674,0.725876,0.339264,
forest-48,0.145309,0.270554,0.173584,0.253983,0.293137,0.175034,0.170258,0.245392,0.165466,0.225723,
intersection-19,1.231430,0.403778,0.372116,0.417496,0.277817,0.432938,0.374420,0.387390,0.545456,0.332596,
denseresidential-80,0.816422,0.469238,0.278137,0.584015,0.273483,0.281937,0.259079,0.348785,0.520660,0.308167,
buildings-06,0.717163,0.293198,0.323608,0.305542,0.276260,0.242386,0.299210,0.328171,0.503113,0.270203,
denseresidential-50,0.669708,0.295822,0.307526,0.298126,0.328232,0.332642,0.333084,0.325699,0.333008,0.271469,
forest-39,0.231842,0.253128,0.221313,0.262589,0.336044,0.233261,0.228592,0.255768,0.187592,0.228302,
intersection-66,0.927216,0.347092,0.501846,0.353363,0.436829,0.553345,0.534531,0.423813,0.530243,0.373795,
forest-27,0.428970,0.751816,0.251740,0.868851,0.288132,0.237625,0.216248,0.359787,0.670685,0.597336,
river-75,1.058411,0.395523,0.303085,0.455826,0.198303,0.479874,0.348602,0.438263,0.698502,0.263962,
intersection-92,1.096771,0.496582,0.249222,0.593613,0.180176,0.265625,0.231201,0.342651,0.586243,0.299683,
forest-97,0.241028,0.266907,0.232193,0.257034,0.393890,0.185883,0.240845,0.268295,0.275787,0.221558,
river-84,0.127136,0.248169,0.162964,0.220123,0.295471,0.154953,0.160355,0.233551,0.156067,0.185883,
denseresidential-81,0.889282,0.443054,0.265839,0.536926,0.253372,0.261826,0.240646,0.332214,0.507996,0.299881,
river-36,0.367188,0.255157,0.242554,0.259491,0.330551,0.251907,0.250046,0.263412,0.199768,0.231400,
denseresidential-71,1.021317,0.344025,0.492447,0.354584,0.448166,0.577820,0.584137,0.463852,0.529709,0.368423,
buildings-87,1.093933,0.450546,0.564621,0.382202,0.300232,0.661880,0.585678,0.450546,0.699692,0.527328,
river-59,0.373032,0.347839,0.288300,0.369110,0.398178,0.291214,0.294235,0.318237,0.306061,0.322845,
buildings-62,1.244492,0.304276,0.499298,0.303131,0.386154,0.530380,0.526962,0.388031,0.462769,0.359299,
river-63,0.376480,0.327179,0.297104,0.334625,0.398819,0.294708,0.286743,0.293732,0.292175,0.291153,
river-64,0.382858,0.366241,0.296890,0.380692,0.398148,0.301468,0.290268,0.318588,0.312836,0.323639,
forest-43,0.295898,0.490829,0.289368,0.546967,0.402313,0.296265,0.286118,0.341995,0.402695,0.493195,
buildings-94,1.320770,0.433731,0.364212,0.454712,0.216522,0.383118,0.352325,0.351578,0.545181,0.366241,
forest-02,0.169678,0.247665,0.223892,0.256226,0.315552,0.187317,0.218811,0.237228,0.332962,0.239838,
forest-28,0.353821,0.636887,0.258011,0.720200,0.325150,0.249771,0.235489,0.336334,0.547302,0.557236,
buildings-34,0.763336,0.297028,0.215179,0.324982,0.273010,0.188126,0.273010,0.342041,0.399521,0.253418,
denseresidential-01,0.681595,0.376831,0.267181,0.414459,0.270752,0.234924,0.239258,0.296967,0.455978,0.324677,
forest-81,0.252426,0.272629,0.239807,0.271179,0.385773,0.218781,0.250519,0.274796,0.259079,0.243103,
buildings-89,1.289978,0.546478,0.507767,0.538620,0.232895,0.559540,0.486130,0.441040,0.777573,0.541122,
intersection-26,1.261826,0.377274,0.428131,0.337967,0.236862,0.828308,0.520935,0.403030,0.647079,0.320572,
river-83,0.936630,0.334915,0.439850,0.295242,0.207199,1.008469,0.608124,0.531677,0.858856,0.303925,
buildings-15,0.738571,0.260925,0.237427,0.269135,0.260330,0.200821,0.222076,0.251282,0.297455,0.245316,
buildings-39,1.140656,0.312454,0.293610,0.321167,0.268600,0.254486,0.284317,0.290115,0.337158,0.293457,
intersection-28,0.784149,0.361435,0.384338,0.381195,0.298370,0.529663,0.449829,0.474030,0.664261,0.334778,
buildings-30,1.211487,0.397003,0.560532,0.378708,0.271027,0.484344,0.483627,0.407593,0.759766,0.429413,
intersection-97,1.030640,0.476181,0.317139,0.531403,0.234604,0.401047,0.323761,0.383453,0.622406,0.365936,
buildings-23,0.531448,0.207306,0.190765,0.206009,0.234299,0.144714,0.168045,0.188797,0.230927,0.185181,
intersection-46,0.445633,0.287781,0.236862,0.305115,0.285080,0.255753,0.248428,0.259018,0.251633,0.268066,
buildings-17,0.686295,0.281906,0.215179,0.304031,0.240082,0.184433,0.200485,0.247910,0.295471,0.233017,
denseresidential-72,0.970139,0.309601,0.456146,0.307602,0.390091,0.494354,0.483765,0.367599,0.414459,0.335785,
denseresidential-03,0.737183,0.376404,0.259674,0.413666,0.276031,0.231796,0.236084,0.301498,0.430267,0.310547,
denseresidential-32,1.043381,0.318192,0.390854,0.304367,0.317398,0.423386,0.418884,0.318085,0.323349,0.322601,
buildings-90,1.211151,0.612976,0.665924,0.547592,0.283249,0.869415,0.687286,0.498840,0.855698,0.707428,
intersection-31,0.827850,0.335739,0.384171,0.332367,0.312973,0.564087,0.460068,0.418335,0.589798,0.315460,
forest-68,0.195694,0.226868,0.190384,0.237457,0.299789,0.200974,0.197281,0.236359,0.160889,0.209976,
forest-85,0.338165,0.324982,0.301819,0.315948,0.432495,0.274811,0.330505,0.318634,0.360168,0.305191,
buildings-92,1.259094,0.279556,0.410522,0.264557,0.301254,0.408371,0.427979,0.338867,0.384888,0.304153,
river-15,0.648392,0.274216,0.278656,0.287613,0.236465,0.395325,0.348083,0.383575,0.535934,0.237122,
denseresidential-27,0.799591,0.350449,0.385208,0.353439,0.335220,0.356873,0.348679,0.328430,0.391159,0.343231,
intersection-23,0.843658,0.310852,0.278381,0.323044,0.247116,0.307083,0.282333,0.297134,0.389664,0.271301,
intersection-42,0.962570,0.394226,0.382874,0.412979,0.333069,0.404800,0.385162,0.351776,0.404648,0.362274,
intersection-35,0.572754,0.340576,0.311890,0.352921,0.336166,0.355209,0.353027,0.334656,0.327057,0.312805,
buildings-10,0.464798,0.288834,0.186249,0.303131,0.240768,0.172516,0.173279,0.210281,0.267975,0.240601,
denseresidential-29,1.061325,0.420868,0.458038,0.424210,0.361298,0.444611,0.428772,0.387787,0.485458,0.403183,
intersection-91,1.020447,0.503006,0.416840,0.554138,0.284317,0.599136,0.475220,0.479507,0.731873,0.396759,
denseresidential-46,0.841415,0.432220,0.336380,0.496841,0.305557,0.395599,0.352356,0.394684,0.597092,0.339310,
river-09,0.572784,0.256912,0.252899,0.251312,0.260071,0.324280,0.281708,0.267776,0.343994,0.219177,
river-39,0.349457,0.233185,0.227036,0.241165,0.312012,0.239929,0.239090,0.250748,0.188919,0.215332,
denseresidential-59,0.956543,0.277130,0.381714,0.273300,0.376709,0.392349,0.410294,0.343048,0.333313,0.286789,
intersection-20,0.872681,0.373398,0.339813,0.391052,0.286591,0.449753,0.373001,0.394089,0.522400,0.320068,
denseresidential-99,0.404892,0.402786,0.244995,0.467499,0.304749,0.268143,0.265121,0.322357,0.388977,0.341934,
river-12,0.654984,0.278320,0.305161,0.278290,0.255112,0.462799,0.379425,0.383469,0.547943,0.252472,
buildings-41,0.807693,0.266068,0.289246,0.261703,0.303482,0.256912,0.296310,0.292068,0.315033,0.251511,
intersection-95,1.083649,0.399521,0.316528,0.429962,0.222305,0.375854,0.323349,0.337494,0.535339,0.316742,
forest-30,0.401703,0.327011,0.221252,0.387268,0.286789,0.283081,0.288803,0.330383,0.330856,0.233780,
intersection-74,1.056168,0.426514,0.377823,0.471619,0.293915,0.485016,0.426102,0.452530,0.625061,0.335693,
denseresidential-70,0.567780,0.286774,0.339111,0.285156,0.390762,0.356613,0.367828,0.318756,0.298767,0.277985,
buildings-19,0.397552,0.298874,0.207352,0.314087,0.279053,0.198471,0.199387,0.233734,0.278519,0.270752,
intersection-76,0.195007,0.142761,0.091431,0.152649,0.173355,0.096161,0.100754,0.157486,0.093460,0.126770,
forest-19,0.933929,0.362152,0.483368,0.370728,0.348663,0.664627,0.585907,0.561249,0.869293,0.345932,
river-71,1.209808,0.397186,0.222046,0.494781,0.168564,0.235992,0.215561,0.344467,0.567596,0.223740,
forest-72,0.227036,0.260757,0.219742,0.263809,0.354355,0.210571,0.227798,0.260834,0.225128,0.237457,
river-60,0.411072,0.362946,0.301270,0.385178,0.402695,0.304916,0.307098,0.327850,0.330032,0.332870,
buildings-12,0.378662,0.252625,0.200897,0.269165,0.236710,0.180542,0.190262,0.210846,0.293884,0.234894,
river-57,0.432709,0.394226,0.371368,0.421936,0.466431,0.371490,0.369095,0.351685,0.382599,0.395523,
forest-03,0.195374,0.265076,0.229813,0.270752,0.334259,0.205490,0.225204,0.250839,0.304825,0.246628,
forest-83,0.313919,0.316940,0.286911,0.315811,0.415955,0.271179,0.311508,0.310577,0.335449,0.302887,
buildings-33,1.206787,0.215530,0.307495,0.210083,0.234131,0.306152,0.309479,0.233414,0.225220,0.231552,
river-46,0.380676,0.224579,0.212723,0.228989,0.284042,0.221924,0.224579,0.234802,0.190094,0.204773,
river-73,0.811722,0.354538,0.293320,0.423737,0.239838,0.455154,0.393097,0.463531,0.652832,0.266083,
denseresidential-63,0.860886,0.276779,0.368942,0.279175,0.411087,0.371475,0.424088,0.395020,0.377243,0.278137,
intersection-16,0.967102,0.369263,0.267700,0.409775,0.222443,0.323486,0.267151,0.333664,0.476410,0.266434,
forest-53,0.191208,0.261032,0.211868,0.256989,0.339066,0.206116,0.206085,0.258011,0.195801,0.222504,
forest-75,0.207672,0.244217,0.199890,0.253067,0.325302,0.201355,0.209259,0.245956,0.201645,0.229736,
denseresidential-87,0.794754,0.387741,0.302643,0.427826,0.287262,0.320862,0.293060,0.343124,0.460236,0.309601,
forest-34,0.238266,0.266113,0.236679,0.274750,0.355774,0.248566,0.241882,0.265289,0.195923,0.238312,
intersection-21,0.592422,0.347595,0.280304,0.386093,0.259003,0.423523,0.349991,0.404724,0.532318,0.283447,
intersection-51,0.931076,0.502075,0.171448,0.665924,0.141617,0.170303,0.139282,0.318787,0.555954,0.205383,
river-26,0.444443,0.243134,0.216751,0.258331,0.255875,0.272507,0.264359,0.294434,0.326584,0.217316,
forest-80,0.253372,0.277573,0.248764,0.274002,0.393860,0.223663,0.260483,0.276077,0.282013,0.249771,
forest-95,0.247269,0.281464,0.244064,0.280151,0.394730,0.222778,0.252258,0.276337,0.260361,0.251007,
intersection-79,0.631256,0.494583,0.460861,0.524902,0.486649,0.458603,0.482697,0.459122,0.581665,0.502441,
forest-40,0.317398,0.274963,0.274673,0.285950,0.379730,0.290833,0.288055,0.288757,0.228348,0.256165,
denseresidential-33,0.740921,0.468155,0.198776,0.569260,0.195541,0.199234,0.171295,0.290588,0.486465,0.271393,
buildings-91,1.146286,0.476059,0.507553,0.461853,0.267075,0.793076,0.546524,0.462662,0.747971,0.459518,
intersection-32,1.036804,0.386520,0.441711,0.390137,0.302734,0.659836,0.516296,0.493759,0.725922,0.357285,
buildings-45,1.122375,0.434280,0.572937,0.346771,0.270874,0.594559,0.593643,0.380920,0.557159,0.564896,
intersection-56,0.813446,0.399536,0.319000,0.457108,0.241592,0.472015,0.382553,0.447464,0.644745,0.300461,
denseresidential-12,0.453888,0.249451,0.210220,0.259766,0.276428,0.195816,0.205215,0.239105,0.243652,0.220444,
forest-38,0.243698,0.262375,0.229858,0.269043,0.345139,0.241791,0.236786,0.260864,0.193420,0.231567,
forest-08,0.545135,0.296143,0.305634,0.311813,0.341339,0.415588,0.417419,0.422699,0.468750,0.292847,
forest-37,0.231400,0.269562,0.233490,0.275467,0.353638,0.245483,0.237595,0.264282,0.194778,0.238251,
